82239.10510858468,1.7976931348623157E308
77738.55858270056,64094.494795744846
67641.17278243571,43373.74538101133
63589.58520735048,41429.034194850334
64318.38867323459,37484.36282227304
71510.97941446755,37484.36282227304
72818.58266864877,37484.36282227304
58002.567093278536,37484.36282227304
63513.3584382724,36961.99522951752
53365.91303020582,33281.88199055192
63288.735154090195,33281.88199055192
59506.497178141224,33281.88199055192
56222.9999149478,33281.88199055192
62548.66484424381,33281.88199055192
57470.14924271436,33281.88199055192
54870.36730133158,33281.88199055192
64840.04910310771,33281.88199055192
62685.682706713946,33281.88199055192
54859.12396737006,33281.88199055192
70096.95879129288,33281.88199055192
60133.170297752586,33281.88199055192
62624.971244973116,33281.88199055192
56369.77308768684,33281.88199055192
56183.496635591015,32829.61035531301
57438.745674572536,32818.042368295835
57435.034701426644,32333.488979476024
55730.602523172834,32333.488979476024
57102.94760015157,32333.488979476024
57087.16993961124,32333.488979476024
57309.174421496944,32333.488979476024
58624.82927452571,32333.488979476024
55838.237416994336,32333.488979476024
64296.07335143867,32333.488979476024
57608.433708563934,32333.488979476024
53805.65481204252,32221.857370496786
53767.18313358866,32221.857370496786
62559.481356880045,32221.857370496786
61088.42484733313,32221.857370496786
64674.26843630693,32221.857370496786
62022.07399029178,32221.857370496786
63995.834313287574,32221.857370496786
58475.034993379646,32221.857370496786
64153.35922877244,32221.857370496786
60432.20563139181,32221.857370496786
64349.06234419501,32221.857370496786
63547.462378988996,32221.857370496786
58799.71549574328,32221.857370496786
57980.2318263212,32221.857370496786
62738.13942938509,32221.857370496786
58191.99089501228,32221.857370496786
61326.57976974056,32221.857370496786
59042.739233550186,32221.857370496786
64993.10853504494,32221.857370496786
64230.05634422981,32221.857370496786
61082.370041141054,32221.857370496786
61335.89015845143,32221.857370496786
66078.23682914097,32221.857370496786
62250.02407336957,32221.857370496786
60667.92906461429,32221.857370496786
59722.69166080239,32221.857370496786
57629.479502318325,32221.857370496786
56903.77101625562,31630.417009917513
56621.01197244382,31630.417009917513
66237.9804892208,31630.417009917513
63458.454813580276,31630.417009917513
56382.1020835291,31630.417009917513
61508.67378442525,31630.417009917513
64693.7537022076,31630.417009917513
55778.289283483835,31630.417009917513
51695.62611862795,31630.41700991751
62272.901866917826,31630.41700991751
61593.51603991697,31630.41700991751
56320.447269250406,31630.41700991751
58265.25199663582,31630.41700991751
53180.869016710494,31630.41700991751
59612.6743270956,31630.41700991751
62763.76889156005,31630.41700991751
59642.849841633426,31630.41700991751
53518.358625819805,31630.41700991751
56173.40450266846,31630.41700991751
68227.53137284753,31630.41700991751
62410.71776026724,31630.41700991751
58845.47870601794,31630.41700991751
56973.59714313368,31630.41700991751
60577.29784980634,31630.41700991751
59133.07961947579,31630.41700991751
57430.89759107755,31630.41700991751
54797.108092569164,31630.41700991751
58280.28022842274,31630.41700991751
54867.41332465094,31630.41700991751
60571.86029905708,31630.41700991751
66128.03169676085,31630.41700991751
65612.63298820793,31630.41700991751
62694.86152312472,31630.41700991751
60310.151546243185,31630.41700991751
54614.1174456384,31630.41700991751
57801.32383113797,31630.41700991751
53398.010118461236,31630.41700991751
64964.624314662535,31630.41700991751
55353.074349989394,31630.41700991751
58444.79837680946,31630.41700991751
61848.54272016452,31630.41700991751
56310.97848860625,31630.41700991751
60556.446001585355,31630.41700991751
65976.86366756239,31630.41700991751
60408.66363556066,31630.41700991751
55377.83283574085,31630.41700991751
62006.55049726289,31630.41700991751
54318.72542065832,31630.41700991751
58400.492272602525,31630.41700991751
57431.64757746625,31630.41700991751
58031.89525783062,31630.41700991751
65077.74170288459,31630.41700991751
49413.04424569341,31630.41700991751
52379.777719663674,31630.41700991751
62354.98278773427,31630.41700991751
60097.23992137158,31630.41700991751
60362.598530247764,31630.41700991751
52396.93830287519,31630.41700991751
56402.464786680976,31630.41700991751
56268.855298684895,31630.41700991751
64421.802926336284,31630.41700991751
58007.42418007025,31630.41700991751
56561.51536142564,31630.41700991751
55047.2578388652,31630.41700991751
61481.121041171275,31630.41700991751
64414.882548881345,31630.41700991751
60113.54001225199,31630.41700991751
61040.39013616475,31630.41700991751
56105.808619717325,31630.41700991751
58448.38458736979,31274.39908821554
59953.37719391768,31274.39908821554
50130.5729144595,31274.39908821554
53901.10031779819,31274.39908821554
55527.802020625466,31274.39908821554
56336.409067985995,31274.39908821554
60298.10531824351,31274.39908821554
60993.66139804453,31274.39908821554
65653.29534647093,31274.39908821554
57636.35436128427,31274.39908821554
56075.18302546859,31274.39908821554
64045.5667732056,31274.39908821554
60385.0199889674,31274.39908821554
60678.126243847,31274.39908821554
58831.62401080724,31274.39908821554
61412.003987540564,31274.39908821554
65098.083623427476,31274.39908821554
60258.17460160332,31274.39908821554
58877.01816181282,31274.39908821554
51330.81634648312,31274.39908821554
52922.50689333668,31274.39908821554
56886.18344913949,31274.39908821554
58402.48555088462,31274.39908821554
54059.051465671466,31274.39908821554
61475.330425111155,31274.39908821554
62549.173219247,31274.39908821554
65216.133211124674,31274.39908821554
62630.428277420964,31274.39908821554
60688.89644232728,31274.39908821554
56226.88532581712,31274.39908821554
66692.9474464732,31274.39908821554
54229.65633629255,31274.39908821554
57386.480391053694,31274.39908821554
49641.02061465289,31274.39908821554
60770.61148114435,31274.39908821554
64364.77063867805,31274.39908821554
61119.58398106041,31274.39908821554
54834.682257375855,31274.39908821554
57818.90923946861,31274.39908821554
57098.03594701621,31274.39908821554
58603.17836936221,31274.39908821554
59883.545691897605,31274.39908821554
62549.25165153297,31274.39908821554
63210.41036566631,31274.39908821554
52461.57971476432,31274.39908821554
55975.48621928927,31274.39908821554
58771.57194241673,31274.39908821554
57547.36228754734,31274.39908821554
53181.8072320412,31274.39908821554
58863.46795339735,31274.39908821554
61014.57385860309,31274.39908821554
62516.66301448927,31274.39908821554
63044.040126470805,31274.39908821554
55828.23016465771,31274.39908821554
52760.94925335385,31274.39908821554
62140.19825357612,31274.39908821554
52510.62779742582,31274.39908821554
57728.73824432915,31274.39908821554
66751.97045866978,31274.39908821554
61103.26362207949,31274.39908821554
60821.300262606484,31274.39908821554
65024.29836749974,31274.39908821554
60427.83777807794,31274.39908821554
54401.56636527742,31274.39908821554
55616.02215481175,31274.39908821554
64529.05624278214,31274.39908821554
55037.669695681936,31274.39908821554
57372.95271338681,31274.39908821554
60538.88789177306,31274.39908821554
59763.44905843465,31274.39908821554
54975.109756357815,31274.39908821554
58691.77879744073,31274.39908821554
55494.30885654356,31274.39908821554
60280.61320799131,31274.39908821554
56988.26138237885,31274.39908821554
57881.84620598104,31274.39908821554
56765.51689466047,31274.39908821554
58156.71206049491,31274.39908821554
57080.576737441195,31274.39908821554
59727.18539928047,31274.39908821554
51821.345505425095,31274.39908821554
60639.17160761318,31274.39908821554
55929.120065225216,31274.39908821554
59847.51385540362,31274.39908821554
64592.40226466587,31274.39908821554
63181.436129241076,31274.39908821554
61730.79879882821,31274.39908821554
64211.10464040182,31274.39908821554
57265.10465575962,31274.39908821554
63606.403889475856,31274.39908821554
60327.86841850411,31274.39908821554
61637.85436218935,31274.39908821554
61013.34287366995,31274.39908821554
55057.302988027186,31274.39908821554
65866.24518320261,31274.39908821554
55793.321757968304,31274.39908821554
63947.031922548405,31274.39908821554
57537.434126638414,31274.39908821554
60805.03813839232,31274.39908821554
63155.35759656626,31274.39908821554
61588.10176847895,31274.39908821554
67015.84335342082,31274.39908821554
63954.026102383934,31274.39908821554
61198.11490865027,31274.39908821554
59507.457920196364,31274.39908821554
60873.281220204524,31274.39908821554
61601.09479646897,31274.39908821554
60246.69622633245,31274.39908821554
59521.8040638288,31274.39908821554
55623.9868732524,31274.39908821554
59710.10241285998,31274.39908821554
61286.2231070556,31274.39908821554
61014.32283256571,31274.39908821554
58846.55790873506,31274.39908821554
55685.4086932901,31274.39908821554
51386.729307287,31274.39908821554
56150.631993074516,31274.39908821554
59947.22207720603,31274.39908821554
51065.123238456224,31274.39908821554
54842.467471522235,31274.39908821554
56677.201279728404,31274.39908821554
57599.506257247194,31274.39908821554
62457.53423420744,31274.39908821554
65824.72196936238,31274.39908821554
64052.29931136102,31274.39908821554
61785.56379379076,31274.39908821554
59290.01307688324,31274.39908821554
62420.08244211356,31274.39908821554
62318.7828745679,31274.39908821554
62663.07268094161,31274.39908821554
57375.17956467514,31274.39908821554
54686.55391552204,31274.39908821554
54425.21014505493,31274.39908821554
58326.51286392966,31274.39908821554
60077.75847881571,31274.39908821554
56040.88195369065,31274.39908821554
59623.58652081968,31274.39908821554
60023.888734563974,31274.39908821554
55298.31337840129,31274.39908821554
54156.47045892292,31274.39908821554
56554.90578972346,31274.39908821554
57703.87305495938,31274.39908821554
57573.44678820609,31274.39908821554
64412.23642415537,31274.39908821554
52510.38932947636,31274.39908821554
53374.471745073366,31274.39908821554
60304.07680976278,31274.39908821554
61601.13049965501,31274.39908821554
58057.96641245288,31274.39908821554
54819.4352270045,31274.39908821554
56766.183348534825,31274.39908821554
60125.878978342414,31274.39908821554
53195.11592017162,31274.39908821554
64600.756139417506,31274.39908821554
58095.69241881018,31274.39908821554
55838.79077452916,31274.39908821554
57013.50440588572,31274.39908821554
53699.390975207905,31274.39908821554
61450.56965168238,31274.39908821554
54835.20919280292,31274.39908821554
58313.985172397865,31274.39908821554
50085.973030863766,31274.39908821554
59480.616021098875,31274.39908821554
57379.06562805701,31274.39908821554
60951.46758796992,31274.39908821554
63717.03661303686,31274.39908821554
61467.116818981376,31274.39908821554
60690.739226117104,31274.39908821554
58645.39728123885,31274.39908821554
59017.60068415883,31274.39908821554
59718.892458029164,31274.39908821554
59175.982914110544,31274.39908821554
61376.71721277021,31274.39908821554
61428.602442710355,31274.39908821554
65505.22025361409,31274.39908821554
54675.13511353531,31274.39908821554
66826.98522528712,31274.39908821554
59323.59892572864,31274.39908821554
55120.3745288403,31274.39908821554
59244.333490279954,31274.39908821554
56624.67922577658,31274.39908821554
57808.809587477976,31274.39908821554
61447.26905465347,31274.39908821554
58982.7165852466,31274.39908821554
66157.65534827838,31274.39908821554
54541.53943742495,31274.39908821554
58956.8968560114,31274.39908821554
51200.176585470625,31274.39908821554
56645.210258167834,31274.39908821554
58427.804722147484,31274.39908821554
61319.000725100945,31274.39908821554
61091.23790432418,31274.39908821554
63581.16435752188,31274.39908821554
54760.964699765624,31274.39908821554
51110.67818403555,31274.39908821554
63377.01140726557,31274.39908821554
58579.30696566512,31274.39908821554
53710.41162764186,31274.39908821554
66468.86707616088,31274.39908821554
53464.90487939793,31274.39908821554
57197.88832673273,31274.39908821554
55908.46904450123,31274.39908821554
63214.781059262015,31274.39908821554
66169.02635318866,31274.39908821554
58774.05943263938,31274.39908821554
61471.65446944628,31274.39908821554
55911.498355858246,31274.39908821554
62056.17991499875,31274.39908821554
59687.584475825504,31274.39908821554
58496.26199231293,31274.39908821554
65504.1920857096,31274.39908821554
59318.11323157812,31274.39908821554
59692.50489973015,31274.39908821554
56867.816972850545,31274.39908821554
64905.72145721241,31274.39908821554
61317.48735129957,31274.39908821554
63216.35800867274,31274.39908821554
62242.31342060612,31274.39908821554
59435.72329516719,31274.39908821554
58126.90314994543,31274.39908821554
57313.87849251487,31274.39908821554
61864.901603770384,31274.39908821554
53781.84043913672,31274.39908821554
55526.603523511054,31274.39908821554
63538.420400278,31274.39908821554
62562.07390648457,31274.39908821554
59494.99584927918,31274.39908821554
59493.73059590027,31274.39908821554
54479.809817875794,31274.39908821554
58285.3707689732,31274.39908821554
57264.557576279505,31274.39908821554
57336.786477537826,31274.39908821554
65250.85245514892,31274.39908821554
57447.17041118493,31274.39908821554
62693.90255947822,31274.39908821554
61970.3861946132,31274.39908821554
61091.42995370028,31274.39908821554
58088.749610044564,31274.39908821554
58805.6627203723,31274.39908821554
59639.79823562759,31274.39908821554
60830.7981573828,31274.39908821554
62629.77800727545,31274.39908821554
55891.544772937385,31274.39908821554
51954.03249820017,31274.39908821554
56570.998526619456,31274.39908821554
57301.0099409228,31274.39908821554
54663.425964584014,31274.39908821554
64339.430904475725,31274.39908821554
56894.92952467293,31274.39908821554
62051.523210949534,31274.39908821554
57887.21902980143,31274.39908821554
59281.83406417158,31274.39908821554
57563.902308201985,31274.39908821554
60392.36472833459,31274.39908821554
61099.272229820956,31274.39908821554
56849.20751955707,31274.39908821554
59189.72568639226,31274.39908821554
57472.95529829181,31274.39908821554
65535.09211835031,31274.39908821554
60284.72775558198,31274.39908821554
58598.80592179515,31274.39908821554
63468.83547982038,31274.39908821554
58408.82986433643,31274.39908821554
57095.37982319128,31274.39908821554
58098.74063112887,31274.39908821554
54651.6136395466,31274.39908821554
67389.94328079015,31274.39908821554
58984.72717816451,31274.39908821554
54866.30966821113,31274.39908821554
60474.5874198895,31274.39908821554
57785.41903220911,31274.39908821554
62662.82212760604,31274.39908821554
57997.142868172414,31274.39908821554
56139.16715810896,31274.39908821554
56755.75635286991,31274.39908821554
57577.13807751281,31274.39908821554
58165.21814569291,31274.39908821554
58146.04151803475,31274.39908821554
60199.579339284566,31274.39908821554
53758.33113100417,31274.39908821554
59933.01671601129,31274.39908821554
61681.220951491014,31274.39908821554
62291.94954045466,31274.39908821554
62156.352493285536,31274.39908821554
63403.29745689923,31274.39908821554
59208.06880529605,31274.39908821554
61617.97230563138,31274.39908821554
66883.83197502252,31274.39908821554
59335.39339159414,31274.39908821554
60198.24264350931,31274.39908821554
58280.69616590345,31274.39908821554
56609.24970632688,31274.39908821554
61956.548765865424,31274.39908821554
55643.01489852865,31274.39908821554
58930.43807421159,31274.39908821554
59164.61179794963,31274.39908821554
67086.64429214635,31274.39908821554
54501.05342441941,31274.39908821554
60769.65146587461,31274.39908821554
62507.32129231609,31274.39908821554
56383.85260863414,31274.39908821554
60229.791911582826,31274.39908821554
56268.23583659867,31274.39908821554
59044.30571467035,31274.39908821554
60515.41718183281,31274.39908821554
58861.11754438628,31274.39908821554
55565.41177388135,31274.39908821554
55057.2163440899,31274.39908821554
55176.655628162574,31274.39908821554
56511.036492388965,31274.39908821554
60910.291590272114,31274.39908821554
53377.60869933799,31274.39908821554
59268.48101479524,31274.39908821554
56228.80374677062,31274.39908821554
55308.02297377798,31274.39908821554
64291.66566036199,31274.39908821554
59988.34549615772,31274.39908821554
62634.39088545338,31274.39908821554
57015.84598870245,31274.39908821554
53048.7545670235,31274.39908821554
58171.92058832354,31274.39908821554
61504.64741042646,31274.39908821554
50886.72716194328,31274.39908821554
62009.1196165442,31274.39908821554
55716.42246487226,31274.39908821554
60096.118209914945,31274.39908821554
57656.46098267236,31274.39908821554
54680.34200294707,31274.39908821554
58893.84659000798,31274.39908821554
61184.793219251806,31274.39908821554
60155.17601151783,31274.39908821554
56225.08474732359,31274.39908821554
58485.039778207036,31274.39908821554
62454.08331856388,31274.39908821554
64748.88290764764,31274.39908821554
62681.71296847543,31274.39908821554
62566.16037721649,31274.39908821554
58485.34412832542,31274.39908821554
58279.760501297926,31274.39908821554
54947.42004028721,31274.39908821554
63582.976751821625,31274.39908821554
61465.379796022724,31274.39908821554
62386.49656036387,31274.39908821554
60671.98832277644,31274.39908821554
60755.81193136053,31274.39908821554
55281.63407494056,31274.39908821554
60022.62698277,31274.39908821554
51837.85181924149,31274.39908821554
68653.78206548346,31274.39908821554
54100.47254616222,31274.39908821554
61901.088599046416,31274.39908821554
58427.913050584226,31274.39908821554
53981.08416718751,31274.39908821554
52480.605071976875,31274.39908821554
58333.17511019573,31274.39908821554
53772.87975405801,31274.39908821554
55655.69143785989,31274.39908821554
59869.32512501061,31274.39908821554
50703.03458437817,31274.39908821554
54422.16066192316,31274.39908821554
54500.747728439586,31274.39908821554
56974.90261492629,31274.39908821554
54246.60932737651,31274.39908821554
61273.773779368305,31274.39908821554
54500.80463404013,31274.39908821554
58329.489307475276,31274.39908821554
66004.95920899088,31274.39908821554
59957.41281793582,31274.39908821554
60354.26592128408,31274.39908821554
63256.38517753044,31274.39908821554
64646.41206547151,31274.39908821554
58131.823980400535,31274.39908821554
62791.170282305146,31274.39908821554
59778.49203298619,31274.39908821554
51615.47006121148,31274.39908821554
50572.43440905247,31274.39908821554
66018.96462297656,31274.39908821554
59345.29497184021,31274.39908821554
66465.19572567,31274.39908821554
57646.14073526302,31274.39908821554
59042.97344827802,31274.39908821554
57705.93434867078,31274.39908821554
61886.92179450212,31274.39908821554
58519.65955605185,31274.39908821554
61348.560549676615,31274.39908821554
54293.15403761905,31274.39908821554
58367.8698977238,31274.39908821554
59828.66963435345,31274.39908821554
57793.08190588583,31274.39908821554
61868.55387965184,31274.39908821554
56898.86852587682,31274.39908821554
60125.06638398733,31274.39908821554
60624.28068796919,31274.39908821554
55138.453861898706,31274.39908821554
57313.55733435367,31274.39908821554
52171.19616112414,31274.39908821554
61891.08996240069,31274.39908821554
59328.876281936864,31274.39908821554
56158.89865443314,31274.39908821554
57650.19406033009,31274.39908821554
61671.75303215928,31274.39908821554
57526.17752782082,31274.39908821554
56642.97857600947,31274.39908821554
60643.11338557113,31274.39908821554
58375.00290932607,31274.39908821554
61314.99898716786,31274.39908821554
63032.08322607522,31274.39908821554
56235.64760518524,31274.39908821554
59811.24094902006,31274.39908821554
63518.61173598569,31274.39908821554
59167.34352444047,31274.39908821554
58855.493109812865,31274.39908821554
60012.1053936464,31274.39908821554
65410.97496776347,31274.39908821554
60970.26462493525,31274.39908821554
60160.606279457454,31274.39908821554
57151.25691415557,31274.39908821554
58782.044756867996,31274.39908821554
57923.7183894483,31274.39908821554
58088.73451420203,31274.39908821554
62541.217703917006,31274.39908821554
59520.35504498249,31274.39908821554
59186.57634357582,31274.39908821554
53924.41451588983,31274.39908821554
58040.25248402122,31274.39908821554
55709.96841503719,31274.39908821554
60820.472630257405,31274.39908821554
53624.31074377361,31274.39908821554
55589.390064660496,31274.39908821554
58541.19814031585,31274.39908821554
50971.2852143038,31274.39908821554
52518.094929377825,31274.39908821554
58755.91506671223,31274.39908821554
60329.01776391662,31274.39908821554
57411.7874880346,31274.39908821554
59804.326408426554,31274.39908821554
56261.70633870705,31274.39908821554
62159.93047596169,31274.39908821554
59327.168536791534,31274.39908821554
57376.71315051713,31274.39908821554
58433.23507969135,31274.39908821554
60543.5886358393,31274.39908821554
60695.79375609488,31274.39908821554
61599.88358485034,31274.39908821554
62218.531005589015,31274.39908821554
55668.22400724125,31274.39908821554
62463.723487170435,31274.39908821554
59168.69233383294,31274.39908821554
52232.443932702496,31274.39908821554
63268.46113503086,31274.39908821554
58917.417251169136,31274.39908821554
59882.56506269169,31274.39908821554
58466.368498100535,31274.39908821554
56226.55446261596,31274.39908821554
56651.07759810177,31274.39908821554
56434.879209011,31274.39908821554
52144.51148826092,31274.39908821554
58195.84384946902,31274.39908821554
58655.53872359781,31274.39908821554
61432.37534488358,31274.39908821554
59351.875978273296,31274.39908821554
57722.918374991175,31274.39908821554
58900.320754034656,31274.39908821554
58326.9718752492,31274.39908821554
59849.260862309275,31274.39908821554
54846.01993271796,31274.39908821554
59838.56141523338,31274.39908821554
57555.76697302291,31274.39908821554
60116.33485663915,31274.39908821554
64044.55626702058,31274.39908821554
54208.90704700976,31274.39908821554
62533.16441048484,31274.39908821554
66974.64953742972,31274.39908821554
60037.05414420095,31274.39908821554
55724.88191309433,31274.39908821554
64314.52836232075,31274.39908821554
58662.28020137346,31274.39908821554
60011.47703743745,31274.39908821554
56372.827048066865,31274.39908821554
57600.17102219989,31274.39908821554
55764.30534212016,31274.39908821554
58729.089652723516,31274.39908821554
67303.40844749112,31274.39908821554
63104.539804404965,31274.39908821554
53749.43820830351,31274.39908821554
49926.39607511017,31274.39908821554
61268.10953549149,31274.39908821554
59968.57989834222,31274.39908821554
68840.75946141624,31274.39908821554
61539.66998069737,31274.39908821554
60617.51579219317,31274.39908821554
52557.26295332011,31274.39908821554
56083.67779614804,31274.39908821554
56835.10160636473,31274.39908821554
57326.594676474124,31274.39908821554
60653.61018802278,31274.39908821554
68333.66856434608,31274.39908821554
55776.202965660406,31274.39908821554
60734.02940472732,31274.39908821554
55668.22716093673,31274.39908821554
55964.29123954814,31274.39908821554
62130.3861181426,31274.39908821554
51856.3110563072,31274.39908821554
56895.50410293894,31274.39908821554
51750.959388285424,31274.39908821554
57797.77685127671,31274.39908821554
62762.757155373496,31274.39908821554
61426.92456398639,31274.39908821554
56479.870185902575,31274.39908821554
64176.8976972011,31274.39908821554
62261.223356955896,31274.39908821554
59107.94533911657,31274.39908821554
56253.057928725495,31274.39908821554
58147.470087139845,31274.39908821554
53364.56552170623,31274.39908821554
51039.220817859554,31274.39908821554
59109.42359805993,31274.39908821554
58870.09378685812,31274.39908821554
60311.70660815177,31274.39908821554
55059.39413189046,31274.39908821554
59310.65713907458,31274.39908821554
62451.730855998525,31274.39908821554
53513.748625372245,31274.39908821554
67975.68543603497,31274.39908821554
64996.2113128021,31274.39908821554
53004.58051246405,31274.39908821554
61422.39482088022,31274.39908821554
63356.232207180954,31274.39908821554
57250.57513831604,31274.39908821554
52332.530875024335,31274.39908821554
54622.282019663544,31274.39908821554
59233.947613923534,31274.39908821554
58077.522021431054,31274.39908821554
63126.44285758011,31274.39908821554
61614.81989096008,31274.39908821554
54991.33607961908,31274.39908821554
66117.02322467766,31274.39908821554
58169.8010352564,31274.39908821554
61396.37367060926,31274.39908821554
52809.8237824434,31274.39908821554
60709.6652658417,31274.39908821554
59674.56629435476,31274.39908821554
65080.14750541644,31274.39908821554
63779.78306396676,31274.39908821554
57172.68880653054,31274.39908821554
58153.50866455098,31274.39908821554
54287.332994861725,31274.39908821554
59209.09810051669,31274.39908821554
58772.32919307249,31274.39908821554
56872.482058596135,31274.39908821554
54625.75299211098,31274.39908821554
55363.07338504608,31274.39908821554
48053.753706777214,31274.39908821554
63114.41123865645,31274.39908821554
59801.63717201309,31274.39908821554
59016.096778741674,31274.39908821554
63723.61554170245,31274.39908821554
60203.74080497271,31274.39908821554
63691.689088926985,31274.39908821554
60401.39067226425,31274.39908821554
59942.32177910876,31274.39908821554
63021.406938802815,31274.39908821554
58148.46578434824,31274.39908821554
49557.842118136075,31274.39908821554
59764.07428525093,31274.39908821554
51677.706596252756,31274.39908821554
58887.33527716693,31274.39908821554
54734.24717290995,31274.39908821554
58641.67228746418,31274.39908821554
62802.86637709439,31274.39908821554
61057.77039008144,31274.39908821554
66693.32584611388,31274.39908821554
58743.98115794384,31274.39908821554
57837.402069891,31274.39908821554
58905.30620469617,31274.39908821554
58828.158776425094,31274.39908821554
58449.292829854865,31274.39908821554
57079.29361275913,31274.39908821554
60691.704010390604,31274.39908821554
58777.53769940726,31274.39908821554
59961.47897104345,31274.39908821554
59177.5272746386,31274.39908821554
57327.97613830314,31274.39908821554
65299.86158410029,31274.39908821554
63180.45389502734,31274.39908821554
56392.34336171292,31274.39908821554
67960.01302186307,31274.39908821554
66693.41116858514,31274.39908821554
63431.0116970947,31274.39908821554
59243.44626026051,31274.39908821554
54604.66892244331,31274.39908821554
61365.06495443599,31274.39908821554
57253.35493960864,31274.39908821554
59465.455825829216,31274.39908821554
60306.03078872381,31274.39908821554
56358.43043423634,31274.39908821554
61978.086640675596,31274.39908821554
61853.519419341246,31274.39908821554
53260.476434517375,31274.39908821554
58209.91939989573,31274.39908821554
60880.836532163645,31274.39908821554
56677.30689933572,31274.39908821554
56409.16441149365,31274.39908821554
57980.59575570603,31274.39908821554
62707.64271723948,31274.39908821554
59736.35045807869,31274.39908821554
59255.69565470862,31274.39908821554
58809.36218185447,31274.39908821554
61650.071410104734,31274.39908821554
52779.76191295874,31274.39908821554
59087.127953197516,31274.39908821554
64383.52165741766,31274.39908821554
62164.3714071875,31274.39908821554
60917.01269010338,31274.39908821554
53207.11533918608,31274.39908821554
56441.85916573457,31274.39908821554
59124.27944657882,31274.39908821554
65446.88514731004,31274.39908821554
55501.80435729687,31274.39908821554
58569.70935165828,31274.39908821554
55811.89191975146,31274.39908821554
52141.08454752687,31274.39908821554
54497.37287172568,31274.39908821554
53343.25424822016,31274.39908821554
50533.50804400069,31274.39908821554
60097.162458930245,31274.39908821554
57123.27490293143,31274.39908821554
56613.0374209429,31274.39908821554
62300.96653347259,31274.39908821554
60821.78856175845,31274.39908821554
63429.620419376086,31274.39908821554
61485.37279150783,31274.39908821554
54409.62370081593,31274.39908821554
59772.946482217136,31274.39908821554
57047.81407808095,31274.39908821554
50683.58918386632,31274.39908821554
56913.68218605184,31274.39908821554
54328.59500651844,31274.39908821554
54328.94732939698,31274.39908821554
57026.352261904976,31274.39908821554
58813.428630084476,31274.39908821554
63675.73694329047,31274.39908821554
57224.42416149656,31274.39908821554
54980.444427154165,31274.39908821554
58328.68886446186,31274.39908821554
60955.40728797569,31274.39908821554
59374.852772201586,31274.39908821554
60647.37626832483,31274.39908821554
55357.94424600474,31274.39908821554
58447.251795636184,31274.39908821554
59992.130121112525,31274.39908821554
55640.45713837873,31274.39908821554
62970.048664999005,31274.39908821554
60217.35665712338,31274.39908821554
56412.10938599291,31274.39908821554
54493.28601019287,31274.39908821554
56306.19693962672,31274.39908821554
63966.77576276272,31274.39908821554
62648.01779082747,31274.39908821554
63154.624007136576,31274.39908821554
60883.684219504896,31274.39908821554
59141.703149270266,31274.39908821554
57422.36113365575,31274.39908821554
58960.912160693886,31274.39908821554
58273.147305889885,31274.39908821554
57752.63408445843,31274.39908821554
58316.82508429898,31274.39908821554
64267.786479727554,31274.39908821554
56099.16385192757,31274.39908821554
59294.869929539,31274.39908821554
61881.8383884368,31274.39908821554
60544.81166806402,31274.39908821554
63333.52774196196,31274.39908821554
59128.560979605514,31274.39908821554
61561.60135733794,31274.39908821554
56172.7362194544,31274.39908821554
65165.4425754999,31274.39908821554
66336.42633497101,31274.39908821554
56838.85209072406,31274.39908821554
53069.275153230854,31274.39908821554
54373.6928872886,31274.39908821554
64073.1044710113,31274.39908821554
58882.14082097971,31274.39908821554
57782.97240597712,31274.39908821554
60220.13881158353,31274.39908821554
55286.26184713097,31274.39908821554
61286.25669151653,31274.39908821554
62537.30520424808,31274.39908821554
61737.38511330767,31274.39908821554
54463.679602972625,31274.39908821554
58478.071679744324,31274.39908821554
60402.26121155523,31274.39908821554
56871.51924183748,31274.39908821554
56216.02002138004,31274.39908821554
60165.90702789719,31274.39908821554
57744.64314120688,31274.39908821554
62349.10511978554,31274.39908821554
57050.41954633246,31274.39908821554
60214.773086493624,31274.39908821554
59678.722352802135,31274.39908821554
56442.190800260425,31274.39908821554
57473.2039953795,31274.39908821554
60262.991024590294,31274.39908821554
56666.59857103956,31274.39908821554
59276.14085377974,31274.39908821554
60120.829390050305,31274.39908821554
54820.76951014625,31274.39908821554
60685.53659455977,31274.39908821554
59195.438602906725,31274.39908821554
57274.271995377705,31274.39908821554
62883.894668110144,31274.39908821554
58609.319700675944,31274.39908821554
59102.874033104956,31274.39908821554
58278.69829318329,31274.39908821554
60288.25148665288,31274.39908821554
64772.64004079085,31274.39908821554
57424.56608206901,31274.39908821554
61219.49730185091,31274.39908821554
68232.05364111051,31274.39908821554
59071.47887635016,31274.39908821554
55658.9419245209,31274.39908821554
57476.00360133169,31274.39908821554
60796.81918115482,31274.39908821554
61507.675792571776,31274.39908821554
56915.12608601707,31274.39908821554
59211.69308726666,31274.39908821554
65609.11099706365,31274.39908821554
55384.018055465676,31274.39908821554
58986.79733279053,31274.39908821554
60359.23597749977,31274.39908821554
57924.24311095748,31274.39908821554
58722.01602060759,31274.39908821554
57088.63954859014,31274.39908821554
53803.20299687681,31274.39908821554
55319.785676141655,31274.39908821554
58006.50877253911,31274.39908821554
61659.99903419474,31274.39908821554
55257.696619497496,31274.39908821554
61890.08228081542,31274.39908821554
53717.03777933967,31274.39908821554
62452.344617255556,31274.39908821554
56361.19048333929,31274.39908821554
58935.372573575216,31274.39908821554
58674.030921207835,31274.39908821554
59975.935826746296,31274.39908821554
53304.72765442021,31274.39908821554
55701.954233035714,31274.39908821554
60625.80305878692,31274.39908821554
58515.6041830491,31274.39908821554
61580.37321003516,31274.39908821554
58682.295527662405,31274.39908821554
61214.67022822122,31274.39908821554
64210.23095338712,31274.39908821554
58792.3727038153,31274.39908821554
60543.338505103624,31274.39908821554
60838.59518073264,31274.39908821554
61489.35968498507,31274.39908821554
54832.92283617604,31274.39908821554
55181.66528714834,31274.39908821554
50908.26538524438,31274.39908821554
63452.27837867142,31274.39908821554
60173.32684669325,31274.39908821554
56358.429597333634,31274.39908821554
60557.3955373591,31274.39908821554
60382.343629379255,31274.39908821554
58139.17826499088,31274.39908821554
61785.795747275486,31274.39908821554
61299.044785199905,31274.39908821554
63467.20185493918,31274.39908821554
61111.56629289198,31274.39908821554
53114.20203634559,31274.39908821554
60362.70494525952,31274.39908821554
63053.067918332585,31274.39908821554
61788.82723937243,31274.39908821554
63106.107648339705,31274.39908821554
55806.430372483606,31274.39908821554
59576.842186780086,31274.39908821554
69781.36534329216,31274.39908821554
65234.134166154276,31274.39908821554
63451.84897052967,31274.39908821554
61906.19968319232,31274.39908821554
57517.7210931889,31274.39908821554
49367.12651360386,31274.39908821554
59078.57314151223,31274.39908821554
59783.42390093942,31274.39908821554
54603.513539224536,31274.39908821554
64381.90523074368,31274.39908821554
59704.66013150202,31274.39908821554
54669.63654501791,31274.39908821554
61506.21269267386,31274.39908821554
65945.1452999784,31274.39908821554
62537.58680832399,31274.39908821554
60673.38620438766,31274.39908821554
57393.04687544494,31274.39908821554
57579.593626833914,31274.39908821554
54835.68231789024,31274.39908821554
56750.225936060786,31274.39908821554
62818.85187170723,31274.39908821554
61679.682482521865,31274.39908821554
67340.94272929916,31274.39908821554
59840.80984271201,31274.39908821554
61711.829702126735,31274.39908821554
56999.96695144025,31274.39908821554
57912.48600698513,31274.39908821554
60879.11533576444,31274.39908821554
63213.633499739226,31274.39908821554
62963.56934748122,31274.39908821554
64072.36862626961,31274.39908821554
55540.453085425346,31274.39908821554
63297.691225044524,31274.39908821554
59014.05089683941,31274.39908821554
57815.58762537197,31274.39908821554
55816.24119836398,31274.39908821554
57011.447259812674,31274.39908821554
56201.6377363827,31274.39908821554
58187.320149001585,31274.39908821554
58606.65692397741,31274.39908821554
60680.33285809199,31274.39908821554
58831.15637596563,31274.39908821554
59474.25585730391,31274.39908821554
63733.2459053871,31274.39908821554
64254.096343984056,31274.39908821554
63477.14932101589,31274.39908821554
61474.66531508331,31274.39908821554
57860.01952821484,31274.39908821554
58822.40354874226,31274.39908821554
57003.52683662305,31274.39908821554
57876.714441755204,31274.39908821554
53826.54039049246,31274.39908821554
59343.421152077615,31274.39908821554
59992.03363727161,31274.39908821554
63091.27453463759,31274.39908821554
59613.44838134218,31274.39908821554
60003.13047568768,31274.39908821554
64996.377248874785,31274.39908821554
59541.19584415793,31274.39908821554
60760.74357513862,31274.39908821554
56890.195347554865,31274.39908821554
55234.86442454682,31274.39908821554
55345.03959679043,31274.39908821554
63412.80916618932,31274.39908821554
54137.35029912605,31274.39908821554
64312.885930157034,31274.39908821554
58681.584971899356,31274.39908821554
61710.70120546561,31274.39908821554
63911.76418242194,31274.39908821554
57611.85191201898,31274.39908821554
60921.44858820676,31274.39908821554
59057.15149468151,31274.39908821554
59150.47818700527,31274.39908821554
59550.604425601276,31274.39908821554
58864.15173775926,31274.39908821554
65085.72991189386,31274.39908821554
66521.5447471126,31274.39908821554
58304.704915666414,31274.39908821554
63354.88647121331,31274.39908821554
59139.5994635227,31274.39908821554
58918.8688040009,31274.39908821554
59042.95779892552,31274.39908821554
58409.13713666941,31274.39908821554
58433.78714329848,31274.39908821554
58901.66166725523,31274.39908821554
60286.688906729374,31274.39908821554
62097.072891043754,31274.39908821554
55422.734422112015,31274.39908821554
56520.096105487275,31274.39908821554
54998.53853838424,31274.39908821554
56978.13280367448,31274.39908821554
67320.04637137605,31274.39908821554
60326.86942710033,31274.39908821554
59541.64730072187,31274.39908821554
53533.308589160486,31274.39908821554
62707.55693857048,31274.39908821554
57328.01422998344,31274.39908821554
58705.26921491197,31274.39908821554
61231.33519321339,31274.39908821554
61285.572090244226,31274.39908821554
56569.71010183883,31274.39908821554
59104.52536214069,31274.39908821554
54773.12588726977,31274.39908821554
65914.74700843854,31274.39908821554
61544.917799162504,31274.39908821554
59200.13301777921,31274.39908821554
64466.625604744164,31274.39908821554
61697.639910580925,31274.39908821554
63569.73592651577,31274.39908821554
56967.346881248675,31274.39908821554
61098.1716986168,31274.39908821554
50494.78318444938,31274.39908821554
61421.99927629759,31274.39908821554
60137.40090878463,31274.39908821554
57341.463629733946,31274.39908821554
54400.23395812339,31274.39908821554
56226.14267919975,31274.39908821554
55989.334126362824,31274.39908821554
54436.24227984166,31274.39908821554
60455.83987013423,31274.39908821554
61289.94520583204,31274.39908821554
59391.84564184714,31274.39908821554
60041.08596427265,31274.39908821554
56896.334097345185,31274.39908821554
58231.853102981695,31274.39908821554
51171.59418926156,31274.39908821554
61571.69929857585,31274.39908821554
60553.570247166695,31274.39908821554
54487.733934630465,31274.39908821554
65212.09635873027,31274.39908821554
61299.14908842657,31274.39908821554
61600.90622750771,31274.39908821554
57181.40260994062,31274.39908821554
67611.82231224849,31274.39908821554
63074.08431321757,31274.39908821554
56305.070082905375,31274.39908821554
60789.452527953355,31274.39908821554
56695.30203985715,31274.39908821554
54894.15781996285,31274.39908821554
63925.768761385014,31274.39908821554
55827.63188012769,31274.39908821554
60296.80630360982,31274.39908821554
54213.069544886865,31274.39908821554
61502.60255613009,31274.39908821554
55177.72780484609,31274.39908821554
60182.29643284718,31274.39908821554
58512.16100284188,31274.39908821554
61700.140319014725,31274.39908821554
53137.214062515275,31274.39908821554
53078.7956658309,31274.39908821554
53126.011665394275,31274.39908821554
57780.29785381694,31274.39908821554
54688.40176317936,31274.39908821554
61452.27575205957,31274.39908821554
58933.61095936942,31274.39908821554
55165.07075568603,31274.39908821554
59570.22521429135,31274.39908821554
63160.35148734291,31274.39908821554
59773.34922714881,31274.39908821554
56755.1759925441,31274.39908821554
57707.3986599872,31274.39908821554
57430.7344360578,31274.39908821554
49506.249658310415,31274.39908821554
57509.0189282354,31274.39908821554
65041.70085050187,31274.39908821554
67364.46493892343,31274.39908821554
54264.85453968466,31274.39908821554
62389.63811876751,31274.39908821554
67869.55967451978,31274.39908821554
55565.74053579107,31274.39908821554
58506.67747902275,31274.39908821554
59844.9485141074,31274.39908821554
56638.912905935336,31274.39908821554
64384.21220178397,31274.39908821554
59335.13343675955,31274.39908821554
61987.499368999255,31274.39908821554
58767.26318707618,31274.39908821554
57026.48919347718,31274.39908821554
54746.65639279158,31274.39908821554
56531.43737997677,31274.39908821554
61794.53394432833,31274.39908821554
56756.885131722,31274.39908821554
55664.22335031596,31274.39908821554
64924.97819922424,31274.39908821554
68200.22998972851,31274.39908821554
56889.41093949331,31274.39908821554
54624.43914179939,31274.39908821554
60904.31836581469,31274.39908821554
56158.93887596969,31274.39908821554
61125.67788609709,31274.39908821554
52334.81359941322,31274.39908821554
56189.05849376692,31274.39908821554
56447.24166019894,31274.39908821554
56280.77408686055,31274.39908821554
61633.281679213396,31274.39908821554
60353.374320600604,31274.39908821554
61392.37830425818,31274.39908821554
64043.355029208426,31274.39908821554
56422.26768857415,31274.39908821554
60204.81213176256,31274.39908821554
59511.63324470272,31274.39908821554
55361.325871357985,31274.39908821554
50969.796607772965,31274.39908821554
62841.11361949755,31274.39908821554
67922.16640698389,31274.39908821554
62327.592724667316,31274.39908821554
58134.82139572619,31274.39908821554
60883.523859738896,31274.39908821554
58205.98634307344,31274.39908821554
62223.12953979692,31274.39908821554
61939.61833631106,31274.39908821554
64456.01874353092,31274.39908821554
61789.57646044772,31274.39908821554
58134.75810178808,31274.39908821554
49969.2462936139,31274.39908821554
57993.11477672516,31274.39908821554
54531.26123493749,31274.39908821554
62606.369140744806,31274.39908821554
53922.37205670811,31274.39908821554
49788.2395097138,31274.39908821554
61773.74445980757,31274.39908821554
54315.55991341268,31274.39908821554
59375.912306233295,31274.39908821554
57847.92861253625,31274.39908821554
58253.255600084914,31274.39908821554
59646.2975471199,31274.39908821554
57214.98155288557,31274.39908821554
60126.81477410671,31274.39908821554
53124.01764212488,31274.39908821554
59463.12789170908,31274.39908821554
58132.81646937039,31274.39908821554
58099.31641957016,31274.39908821554
60086.025732178554,31274.39908821554
57599.5554636166,31274.39908821554
60913.688223256366,31274.39908821554
62333.3572352277,31274.39908821554
58063.09628140882,31274.39908821554
60271.125453424334,31274.39908821554
58873.565003207674,31274.39908821554
57248.309002500275,31274.39908821554
60041.30073274071,31274.39908821554
57161.35204283583,31274.39908821554
58333.8125448264,31274.39908821554
56242.73697097939,31274.39908821554
62008.719379036746,31274.39908821554
53189.15701496011,31274.39908821554
62005.690627534386,31274.39908821554
54824.866720249316,31274.39908821554
64213.72190206327,31274.39908821554
62623.73093955042,31274.39908821554
58403.34983419163,31274.39908821554
60862.584400528416,31274.39908821554
60123.61823798363,31274.39908821554
58045.75360238373,31274.39908821554
61647.23932048874,31274.39908821554
58730.4347293983,31274.39908821554
60255.00379038323,31274.39908821554
58545.48061133867,31274.39908821554
66993.43420112063,31274.39908821554
65043.592966811135,31274.39908821554
57315.074141754,31274.39908821554
60999.92379224287,31274.39908821554
57971.62487711261,31274.39908821554
56668.302390126686,31274.39908821554
53406.27762649038,31274.39908821554
68298.40405998334,31274.39908821554
56141.99866043433,31274.39908821554
56307.96520885486,31274.39908821554
58087.441146697,31274.39908821554
61639.506433001,31274.39908821554
59357.38813381533,31274.39908821554
52785.48380647351,31274.39908821554
60455.19469647296,31274.39908821554
59758.85151178815,31274.39908821554
67013.8887323171,31274.39908821554
63679.50635629854,31274.39908821554
63706.80444851592,31274.39908821554
65280.65722506023,31274.39908821554
58138.37848880936,31274.39908821554
57752.763325859734,31274.39908821554
53035.86218869824,31274.39908821554
57583.775897312255,31274.39908821554
52355.97254890709,31274.39908821554
58650.05407609794,31274.39908821554
60805.779145370645,31274.39908821554
59938.66549153286,31274.39908821554
60819.62308095109,31274.39908821554
59640.60391024733,31274.39908821554
58129.73353559105,31274.39908821554
60711.20898524419,31274.39908821554
60171.294494990085,31274.39908821554
54038.52490358164,31274.39908821554
61057.398862567745,31274.39908821554
62904.727213199265,31274.39908821554
63460.30557238737,31274.39908821554
59280.97979600332,31274.39908821554
58267.37103167742,31274.39908821554
63952.75676025122,31274.39908821554
53151.45443726533,31274.39908821554
64603.03239999409,31274.39908821554
62984.57704666802,31274.39908821554
60982.19152309107,31274.39908821554
61240.419202520236,31274.39908821554
55571.695805737574,31274.39908821554
63310.40461969242,31274.39908821554
61220.21419074944,31274.39908821554
57990.145772661686,31274.39908821554
57650.45786809906,31274.39908821554
63102.19634095616,31274.39908821554
58497.05265135958,31274.39908821554
57567.34309666639,31274.39908821554
56905.28362226585,31274.39908821554
55742.794422331426,31274.39908821554
54190.44059944614,31274.39908821554
54257.91647922702,31274.39908821554
58123.8660720938,31274.39908821554
57575.52848811768,31274.39908821554
50002.635626254094,31274.39908821554
67683.83563968368,31274.39908821554
66805.69619302922,31274.39908821554
55555.06271234354,31274.39908821554
61897.690954277525,31274.39908821554
53148.39814341701,31274.39908821554
56395.46032921669,31274.39908821554
56059.41805256471,31274.39908821554
55652.33783663994,31274.39908821554
63775.43632752908,31274.39908821554
59101.284256694766,31274.39908821554
57584.22209582043,31274.39908821554
60922.21728363556,31274.39908821554
60657.031073910635,31274.39908821554
60074.85107030487,31274.39908821554
57977.17795200023,31274.39908821554
58406.75026260188,31274.39908821554
55429.086898226946,31274.39908821554
58606.38596412293,31274.39908821554
58654.90892319607,31274.39908821554
55934.567402381006,31274.39908821554
56929.97509016731,31274.39908821554
57338.69870341447,31274.39908821554
59672.71122414337,31274.39908821554
58237.99234608999,31274.39908821554
56461.94380810539,31274.39908821554
59506.43656958458,31274.39908821554
62759.30455099308,31274.39908821554
58047.45746377498,31274.39908821554
62187.34285235086,31274.39908821554
56865.847647056544,31274.39908821554
53678.684355746256,31274.39908821554
52109.09153564785,31274.39908821554
54070.886888582456,31274.39908821554
60503.862422639955,31274.39908821554
64581.37292736229,31274.39908821554
55384.99837214047,31274.39908821554
66336.61016910378,31274.39908821554
57816.97808059603,31274.39908821554
60469.12059004216,31274.39908821554
60916.7875901402,31274.39908821554
65188.89250209343,31274.39908821554
63831.74078667079,31274.39908821554
48513.55374093743,31274.39908821554
59686.647068368286,31274.39908821554
59104.729020727194,31274.39908821554
54180.349045497096,31274.39908821554
59881.91630487662,31274.39908821554
60688.0981629887,31274.39908821554
53283.122132944794,31274.39908821554
58873.093192697634,31274.39908821554
64625.384730164624,31274.39908821554
63846.2511267793,31274.39908821554
58312.31518735709,31274.39908821554
57420.12550464922,31274.39908821554
56710.322187934,31274.39908821554
54489.475692187865,31274.39908821554
52934.475123637356,31274.39908821554
53856.39239037545,31274.39908821554
64603.7847311137,31274.39908821554
66831.02591365279,31274.39908821554
59569.85639962618,31274.39908821554
64047.63677425502,31274.39908821554
57915.62198834567,31274.39908821554
59447.28625793024,31274.39908821554
57045.28769816681,31274.39908821554
54102.95989419215,31274.39908821554
58698.572002087814,31274.39908821554
55549.455440058824,31274.39908821554
57873.81291903057,31274.39908821554
64588.67571973795,31274.39908821554
56253.03688858653,31274.39908821554
65275.025188916225,31274.39908821554
51159.65997929862,31274.39908821554
55165.18426189639,31274.39908821554
57081.320053127725,31274.39908821554
54454.79255460944,31274.39908821554
56168.76392005915,31274.39908821554
58307.52691228568,31274.39908821554
54418.19736397457,31274.39908821554
54345.44217523533,31274.39908821554
60985.47463727147,31274.39908821554
59334.91622711867,31274.39908821554
58840.62106440931,31274.39908821554
61187.94866338349,31274.39908821554
59652.38986520919,31274.39908821554
56870.57892408335,31274.39908821554
57943.69397879372,31274.39908821554
61368.03595224289,31274.39908821554
59603.92477525708,31274.39908821554
61827.19025181888,31274.39908821554
61252.89870232765,31274.39908821554
62897.0138995948,31274.39908821554
57394.30178390352,31274.39908821554
61706.87815359103,31274.39908821554
60848.44183509052,31274.39908821554
58887.42564874317,31274.39908821554
53705.35164225412,31274.39908821554
59565.03712487059,31274.39908821554
54823.91747336951,31274.39908821554
62108.18827274913,31274.39908821554
62161.49441889648,31274.39908821554
57568.09047112356,31274.39908821554
59781.797428450525,31274.39908821554
57226.07757688644,31274.39908821554
59275.214129429216,31274.39908821554
61096.208990683124,31274.39908821554
61469.21260136723,31274.39908821554
60051.46284536406,31274.39908821554
57822.473198758365,31274.39908821554
57173.71937511103,31274.39908821554
55684.990426334414,31274.39908821554
66168.78121678354,31274.39908821554
58289.68490440969,31274.39908821554
59687.47858212568,31274.39908821554
63305.625952277995,31274.39908821554
56425.72090978259,31274.39908821554
56636.48333172036,31274.39908821554
51242.661675760144,31274.39908821554
61014.636416512345,31274.39908821554
57545.17785032218,31274.39908821554
55742.881873433675,31274.39908821554
61917.1384308361,31274.39908821554
55311.32085705317,31274.39908821554
54423.97685985452,31274.39908821554
54910.271976493204,31274.39908821554
58685.96177091645,31274.39908821554
64559.06243902901,31274.39908821554
66421.9099082606,31274.39908821554
63697.622979372274,31274.39908821554
60344.11445070549,31274.39908821554
59876.8457054178,31274.39908821554
61182.31531849907,31274.39908821554
55780.45549786036,31274.39908821554
57410.08709420588,30438.8822725832
63830.6917776511,30438.8822725832
65513.63835570309,30438.8822725832
56603.04257865795,30438.8822725832
60003.88270734503,30438.8822725832
55734.61387815829,30438.8822725832
56062.14896456922,30438.8822725832
56119.07476364395,30438.8822725832
55985.04217443854,30438.8822725832
63977.965251401765,30438.8822725832
55227.594288013795,30438.8822725832
64354.85848659366,30438.8822725832
62769.24355102666,30438.8822725832
56966.75636051027,30438.8822725832
60625.594285148836,30438.8822725832
55723.23869826521,30438.8822725832
58566.97012932566,30438.8822725832
58824.23213436329,30438.8822725832
50089.76735520665,30438.8822725832
58102.777964560024,30438.8822725832
62493.017696431125,30438.8822725832
61157.23762603671,30438.8822725832
57362.360378825884,30438.8822725832
52252.030534791025,30438.8822725832
63109.370173344425,30438.8822725832
60007.16425847792,30438.8822725832
54006.17765714059,30438.8822725832
58703.77016892917,30438.8822725832
51065.88329866824,30438.8822725832
51235.75114267423,30438.8822725832
62862.3887961803,30438.8822725832
54893.33309560822,30438.8822725832
55049.69652501275,30438.8822725832
51421.98966592453,30438.8822725832
62015.821861844976,30438.8822725832
58391.980827555424,30438.8822725832
56140.0512292135,30438.8822725832
55375.082310785,30438.8822725832
57613.09898612212,30438.8822725832
52205.308318629286,30438.8822725832
58812.62924136218,30438.8822725832
63178.53550893022,30438.8822725832
55868.17798329234,30438.8822725832
65371.29681602634,30438.8822725832
56920.862857598404,30438.8822725832
61130.86595539631,30438.8822725832
58098.42227519273,30438.8822725832
52038.38833102833,30438.8822725832
61084.40646375647,30438.8822725832
54104.11248948517,30438.8822725832
58907.465826998654,30438.8822725832
56799.01745991533,30438.8822725832
59662.0856527216,30438.8822725832
56480.13786323606,30438.8822725832
60878.433626016566,30438.8822725832
62906.50659404072,30438.8822725832
54339.295336961295,30438.8822725832
60316.39972211539,30438.8822725832
60522.875364723244,30438.8822725832
60139.579929989086,30438.8822725832
55868.5030561101,30438.8822725832
55189.34003226217,30438.8822725832
57768.99304569458,30438.8822725832
55298.15791185018,30438.8822725832
53596.627012621066,30438.8822725832
60713.50317660613,30438.8822725832
55215.1139340107,30438.8822725832
59702.34659183206,30438.8822725832
55274.69273435186,30438.8822725832
60287.191251113196,30438.8822725832
58152.55957568429,30438.8822725832
56184.17906690588,30438.8822725832
59229.321616166875,30438.8822725832
61545.5285330988,30438.8822725832
57361.712154451736,30438.8822725832
50228.497522045756,30438.8822725832
52071.232719852924,30438.8822725832
51018.41029368945,30438.8822725832
54285.67328157171,30438.8822725832
59664.61202266257,30438.8822725832
59119.65908065978,30438.8822725832
60948.94475928314,30438.8822725832
55057.55017057783,30438.8822725832
62095.16899341281,30438.8822725832
58107.59492230108,30438.8822725832
57099.944730441974,30438.8822725832
59039.147444693066,30438.8822725832
62445.90920839304,30438.8822725832
56603.587415011,30438.8822725832
53066.365437387445,30438.8822725832
60033.17011977007,30438.8822725832
59162.32357584835,30438.8822725832
60063.752135225615,30438.8822725832
61946.84959669188,30438.8822725832
57625.27901430924,30438.8822725832
59519.80831512202,30438.8822725832
53448.836249598404,30438.8822725832
60281.73330943923,30438.8822725832
65238.84026208111,30438.8822725832
54943.66715425346,30438.8822725832
55548.16011964526,30438.8822725832
55970.528528003626,30438.8822725832
61687.19818953002,30438.8822725832
60615.63436217573,30438.8822725832
58721.921101168286,30438.8822725832
61578.02125810958,30438.8822725832
60133.835189367725,30438.8822725832
61007.8394432511,30438.8822725832
53422.35823435961,30438.8822725832
51792.229234357124,30438.8822725832
56389.64937317249,30438.8822725832
61458.06552183605,30438.8822725832
58910.39611155676,30438.8822725832
55434.11338283692,30438.8822725832
53138.68571527749,30438.8822725832
56192.8734720878,30438.8822725832
53888.02553998111,30438.8822725832
59937.800107248375,30438.8822725832
61865.79968208478,30438.8822725832
54607.311865055315,30438.8822725832
54734.80207457512,30438.8822725832
56897.73185315266,30438.8822725832
59904.85737267791,30438.8822725832
61797.47303516837,30438.8822725832
54157.92365235688,30438.8822725832
57472.878494822944,30438.8822725832
63253.799570059615,30438.8822725832
55544.131457873606,30438.8822725832
56027.53338240392,30438.8822725832
59293.41785561724,30438.8822725832
60297.042548193494,30438.8822725832
57027.34640544315,30438.8822725832
65884.9496187062,30438.8822725832
61954.25214968428,30438.8822725832
59555.932288604075,30438.8822725832
60330.98674915952,30438.8822725832
57328.2949123869,30438.8822725832
56591.69242193203,30438.8822725832
56644.45536845216,30438.8822725832
53712.47042225612,30438.8822725832
55593.277988628906,30438.8822725832
54152.98523023375,30438.8822725832
57389.31457617206,30438.8822725832
60290.866718804245,30438.8822725832
66725.10457949174,30438.8822725832
64955.596590844914,30438.8822725832
57194.883268365826,30438.8822725832
60260.58358344778,30438.8822725832
58299.89277207373,30438.8822725832
54593.88494673123,30438.8822725832
56548.859735989245,30438.8822725832
59904.883882641,30438.8822725832
55615.27000501244,30438.8822725832
61535.52515011969,30438.8822725832
56651.70387864662,30438.8822725832
61539.8643912758,30438.8822725832
52876.8276593728,30438.8822725832
54310.02303058568,30438.8822725832
56771.72351867837,30438.8822725832
63887.420225505055,30438.8822725832
63699.613009101304,30438.8822725832
59019.21206991732,30438.8822725832
56883.58424155692,30438.8822725832
59071.58052566197,30438.8822725832
60865.27963980456,30438.8822725832
57377.17247884711,30438.8822725832
66098.79323209278,30438.8822725832
62896.40585059962,30438.8822725832
58287.68842126215,30438.8822725832
57661.098515719044,30438.8822725832
60349.8520351329,30438.8822725832
59164.51071135562,30438.8822725832
58434.08262790169,30438.8822725832
56037.49742069074,30438.8822725832
53999.495322903545,30438.8822725832
61383.32946538378,30438.8822725832
58943.49981187022,30438.8822725832
64164.28520480691,30438.8822725832
52415.66461313062,30438.8822725832
55604.632482728295,30438.8822725832
53407.74584602613,30438.8822725832
55584.53851995159,30438.8822725832
61001.08661790148,30438.8822725832
59999.95692395852,30438.8822725832
53551.99098146988,30438.8822725832
61366.835556305785,30438.8822725832
56956.233869901684,30438.8822725832
53655.87934704371,30438.8822725832
65209.358290953154,30438.8822725832
64406.86549978382,30438.8822725832
58152.60858547005,30438.8822725832
58319.574971922135,30438.8822725832
56534.16582915755,30438.8822725832
59374.18633751761,30438.8822725832
55152.3528505962,30438.8822725832
56761.37671277965,30438.8822725832
58588.00662061428,30438.8822725832
59107.70033317788,30438.8822725832
60701.46012343049,30438.8822725832
58281.94929188843,30438.8822725832
57607.97489600138,30438.8822725832
58983.75709596641,30438.8822725832
60737.86494590454,30438.8822725832
60973.62950119392,30438.8822725832
61943.80841482584,30438.8822725832
60389.213449316696,30438.8822725832
63750.19712841612,30438.8822725832
58193.385924316244,30438.8822725832
55467.86174527275,30438.8822725832
58339.54800139622,30438.8822725832
62627.2526239048,30438.8822725832
63496.967553887655,30438.8822725832
56658.58491713833,30438.8822725832
59939.24508399967,30438.8822725832
60663.55798517437,30438.8822725832
61803.57480902293,30438.8822725832
59152.41552405865,30438.8822725832
60870.24281979797,30438.8822725832
53710.603041666815,30438.8822725832
59747.47352729144,30438.8822725832
60289.46088782196,30438.8822725832
60798.61723812437,30438.8822725832
56981.163002997266,30438.8822725832
61327.602540246604,30438.8822725832
57610.6714044936,30438.8822725832
58500.92774261026,30438.8822725832
60192.650442494545,30438.8822725832
55767.57390510199,30438.8822725832
60613.03193787458,30438.8822725832
61085.86835210698,30438.8822725832
56890.49993238541,30438.8822725832
57225.739761187404,30438.8822725832
57184.56687882546,30438.8822725832
51173.87937185761,30438.8822725832
56664.349750932444,30438.8822725832
58906.52729547997,30438.8822725832
57143.19694921743,30438.8822725832
53140.19762756956,30438.8822725832
56684.132431847436,30438.8822725832
58349.56030291383,30438.8822725832
51365.933327542596,30438.8822725832
58870.9403853002,30438.8822725832
54758.64731365128,30438.8822725832
59092.71129987631,30438.8822725832
59443.729126567894,30438.8822725832
62117.0369215361,30438.8822725832
53146.79071041425,30438.8822725832
58184.47538352022,30438.8822725832
56834.06370123896,30438.8822725832
53680.06604677014,30438.8822725832
57429.93556400821,30438.8822725832
53878.806729789925,30438.8822725832
59565.37778012975,30438.8822725832
64291.87971417004,30438.8822725832
56921.33814180085,30438.8822725832
56648.57969070716,30438.8822725832
61667.96539479267,30438.8822725832
50875.54463852952,30438.8822725832
53633.69446572817,30438.8822725832
54162.65990455534,30438.8822725832
61575.88689275575,30438.8822725832
61153.15066162079,30438.8822725832
56281.14527667883,30438.8822725832
53790.151310630514,30438.8822725832
55596.79748016551,30438.8822725832
53553.90645374918,30438.8822725832
64228.6048555346,30438.8822725832
62363.22536271067,30438.8822725832
62771.71231745641,30438.8822725832
67950.46739924673,30438.8822725832
65380.75167629045,30438.8822725832
67577.89403845776,30438.8822725832
59962.98684595559,30438.8822725832
66580.46171664518,30438.8822725832
61342.1215868174,30438.8822725832
58378.79472342074,30438.8822725832
64349.07170705897,30438.8822725832
58858.477824224414,30438.8822725832
48587.22976022656,30438.8822725832
60483.548578078786,30438.8822725832
57273.252914715806,30438.8822725832
59003.79059904142,30438.8822725832
65065.7114908525,30438.8822725832
52070.3182523984,30438.8822725832
57292.099530541265,30438.8822725832
52498.041387419056,30438.8822725832
51408.4826179445,30438.8822725832
56639.655373756344,30438.8822725832
58883.954523453416,30438.8822725832
57831.81949180508,30438.8822725832
54023.478023574964,30438.8822725832
65358.928948673085,30438.8822725832
62490.523262711344,30438.8822725832
53328.091922978965,30438.8822725832
59496.708229361146,30438.8822725832
62657.24946842849,30438.8822725832
60205.19116232784,30438.8822725832
66510.3841806424,30438.8822725832
52603.27188691027,30438.8822725832
60616.34176465964,30438.8822725832
52035.762577599235,30438.8822725832
59009.06434595081,30438.8822725832
55251.98124812322,30438.8822725832
59880.71866627288,30438.8822725832
55058.47161995953,30438.8822725832
60092.979543129935,30438.8822725832
60646.40852913023,30438.8822725832
52590.82461135662,30438.8822725832
53173.41622318921,30438.8822725832
60910.066724140335,30438.8822725832
58510.94727834335,30438.8822725832
59257.70830406797,30438.8822725832
54332.84029934431,30438.8822725832
54757.185137235945,30438.8822725832
60429.49679302147,30438.8822725832
62329.64601794438,30438.8822725832
49862.43547172708,30438.8822725832
60267.3620992071,30438.8822725832
64087.95397997638,30438.8822725832
55358.748930073765,30438.8822725832
57054.72067154542,30438.8822725832
57379.83715231092,30438.8822725832
61143.67055556042,30149.20748953312
60422.64426406147,30149.20748953312
60263.878542758954,30149.20748953312
70100.42709257058,30149.20748953312
58982.39372834909,30149.20748953312
57204.56473108317,30149.20748953312
57753.80879326254,30149.20748953312
64767.58733969403,30149.20748953312
54793.05438107699,30149.20748953312
58849.658079817156,30149.20748953312
52868.84084420521,30149.20748953312
57040.61630578626,30149.20748953312
48191.54175266793,30149.20748953312
58754.79087559277,30149.20748953312
58579.52848398172,30149.20748953312
64214.08195557626,30149.20748953312
54220.36098131353,30149.20748953312
55967.89306406696,30149.20748953312
56010.62130913292,30149.20748953312
58632.30300435297,30149.20748953312
53311.460303103304,30149.20748953312
58350.80557689619,30149.20748953312
59598.54876314837,30149.20748953312
59640.66870150067,30149.20748953312
56129.481838486565,30149.20748953312
54851.86581234273,30149.20748953312
60541.73990934864,30149.20748953312
61497.11284950258,30149.20748953312
59368.52467421962,30149.20748953312
51970.38770140265,30149.20748953312
59686.39142211004,30149.20748953312
54233.08764115069,30149.20748953312
58426.156466950415,30149.20748953312
54989.07622334147,30149.20748953312
57781.05254936445,30149.207489533113
57363.474469217974,30149.207489533113
61482.428930847746,30149.207489533113
57426.6586466889,30149.207489533113
61582.47180442524,30149.207489533113
62053.578677784244,30149.207489533113
57777.43950052309,30149.207489533113
58575.22818390948,30149.207489533113
56822.38175187665,30149.207489533113
58145.50934327432,29269.17033091044
62685.634849557435,29269.17033091044
52833.27554334019,29269.17033091044
59576.80290836345,29269.17033091044
60838.77623762821,29269.17033091044
55147.767885891044,29269.17033091044
56903.21165783688,29269.17033091044
59900.95984237183,29269.17033091044
60371.76610863942,29269.17033091044
61574.326196422066,29269.17033091044
60585.08582645488,29269.17033091044
63763.078999419566,29269.17033091044
57950.82000100168,29269.17033091044
47726.63980982459,29269.17033091044
61837.595558572306,29269.17033091044
62331.000868846735,29269.17033091044
51925.95174334721,29269.17033091044
54541.56469373048,29269.17033091044
60849.99236046554,29269.17033091044
59141.207023669114,29269.17033091044
55519.792496379596,29269.17033091044
53891.089233331884,29269.17033091044
56230.40526602328,29269.17033091044
65410.04199183874,29269.17033091044
58669.00169034564,29269.17033091044
55456.45606682599,29269.17033091044
62102.49927745676,29269.17033091044
54416.78566856546,29269.17033091044
63001.77001417549,29269.17033091044
55939.32665121908,29269.17033091044
52758.94021474207,29269.17033091044
54973.4973432204,29269.17033091044
63726.75965740262,29269.17033091044
62868.06510310476,29269.17033091044
53655.8357690381,29269.17033091044
68439.76466909322,29269.17033091044
59142.12690217473,29269.17033091044
55548.28614336328,29269.17033091044
58135.7944122602,29269.17033091044
56317.11786247585,29269.17033091044
52472.64599502397,29269.17033091044
61034.494270448435,29269.17033091044
58411.916121517854,29269.17033091044
62197.57603705106,29269.17033091044
56856.885965290116,29269.17033091044
59035.73442046971,29269.17033091044
56146.75177573834,29269.17033091044
61019.74172464027,29269.17033091044
59208.628927644015,29269.17033091044
53076.43097051998,29269.17033091044
51523.194087418844,29269.17033091044
57588.08771591637,29269.17033091044
57272.77127692562,29269.17033091044
61353.825943725555,29269.17033091044
59616.87899849878,29269.17033091044
58884.57760091949,29269.17033091044
57896.28704950834,29269.17033091044
60157.915475088834,29269.17033091044
54052.9309434727,29269.17033091044
64183.914995995314,29269.17033091044
56697.800278133924,29269.17033091044
63097.6894462127,29144.264470171307
51177.30711281716,29095.458871623916
60200.39885359908,29095.458871623916
54197.62724977066,29095.458871623916
60319.84292011248,29095.458871623916
55638.04528690108,29095.458871623916
55426.85955266991,29095.458871623916
54316.90276937216,29095.458871623916
54989.88372258421,29095.458871623916
53948.35601234364,29095.458871623916
53173.85087788908,29095.458871623916
59415.083491974954,29095.458871623916
56650.19070447302,29095.458871623916
50797.90007544326,29095.458871623916
55587.72017597698,29095.458871623916
53412.08918999384,29095.458871623916
58589.458878902115,29095.458871623916
58398.76600662856,29095.458871623916
56511.441620578735,29095.458871623916
59038.45703288028,29095.458871623916
54166.97683376177,29095.458871623916
51971.345730022054,29095.458871623916
53547.380797489874,29095.458871623916
57810.45823554823,29095.458871623916
59876.801785766336,29095.458871623916
61406.37452585601,29095.458871623916
56328.244437839974,29095.458871623916
53383.83376978869,29095.458871623916
52209.67708577552,29095.458871623916
55833.9401864416,29095.458871623916
48443.334065549665,29095.458871623916
59827.14947471407,29095.458871623916
53714.77604750206,29095.458871623916
58392.297263637745,29095.458871623916
63303.25172256162,29095.458871623916
58422.81628585176,29095.458871623916
56339.376551878246,29095.458871623916
57263.12185925197,29095.458871623916
60400.856370737965,29095.458871623916
56154.00465688412,29095.458871623916
57349.25246763774,29095.458871623916
60761.9608157692,29095.458871623916
60668.110225874545,29095.458871623916
57647.759626243685,29095.458871623916
57529.182171137305,29095.458871623916
62567.5078885058,29095.458871623916
59255.34954225464,29095.458871623916
59176.53678789168,29095.458871623916
58090.546097665254,29095.458871623916
58044.9870271576,29095.458871623916
59491.16891530899,29095.458871623916
61951.50844016408,29095.458871623916
53475.57444951702,29095.458871623916
56760.08437471023,29095.458871623916
56843.38541578581,29095.458871623916
52538.434461802266,29095.458871623916
63274.93253797557,29095.458871623916
62658.502780649425,29095.458871623916
55046.49469752164,29095.458871623916
55523.60349095592,29095.458871623916
52457.302758001606,29095.458871623916
49059.21015502455,29095.458871623916
56632.98405999888,29095.458871623916
55063.7987675717,29095.458871623916
57401.0313330109,29095.458871623916
52279.46135126944,29095.458871623916
60430.4491553826,29095.458871623916
58368.091275659404,29095.458871623916
53097.01565094663,29095.458871623916
53740.53217150796,29095.458871623916
61314.50863862554,29095.458871623916
57610.65724698496,29095.458871623916
52359.961004134784,29095.458871623916
59610.47312002571,29095.458871623916
63431.933116002496,29095.458871623916
63980.6097640801,29095.458871623916
58624.82731364553,29095.458871623916
56758.72012043131,29095.458871623916
53517.697905586,29095.458871623916
51889.409227007294,29095.458871623916
54677.98745841366,29095.458871623916
55137.32138608526,29095.458871623916
55741.06589222434,29095.458871623916
61257.591447162886,29095.458871623916
57331.2297782266,29095.458871623916
54709.66535997084,29095.458871623916
59012.482555319286,29095.458871623916
65307.020186117734,29095.458871623916
54842.24329498629,29095.458871623916
50340.96169566769,29095.458871623916
48675.96111450024,29095.458871623916
54372.53793517593,29091.313581113485
56825.291215328456,29091.313581113485
57838.65454880381,29091.313581113485
59365.234467270566,29091.313581113485
56805.62606421257,29091.313581113485
58468.00783156625,29091.313581113485
57386.24954466112,29091.313581113485
55977.14169823208,29091.313581113485
54573.00280220498,29091.313581113485
60503.48552600572,29091.313581113485
52781.71200163305,29091.313581113485
58675.716189247054,29091.313581113485
59976.359417416665,29091.313581113485
66258.74000880803,29091.313581113485
61991.24198127283,29091.313581113485
57074.94608810688,29091.313581113485
64291.37279443185,29091.313581113485
60030.020047480604,29091.313581113485
54519.287454245045,29091.313581113485
61831.59100610588,29091.313581113485
59395.128936604924,29091.313581113485
54445.06522550846,29091.313581113485
60751.87055521598,29091.313581113485
60678.594825551285,29091.313581113485
62655.79540050555,29091.313581113485
64003.159529697405,29091.313581113485
54474.09272467609,29091.313581113485
56551.45922454037,29091.313581113485
52054.030703761455,29091.313581113485
59411.71196047023,29091.313581113485
52670.91810725251,29091.313581113485
55814.68998667508,29091.313581113485
59807.934985005006,29091.313581113485
54589.322171359345,28226.851298491696
59708.85182816229,28226.851298491696
58229.92785642053,28226.851298491696
59633.384596851494,28226.851298491696
57853.81677193734,28226.851298491696
64168.50451576426,28226.851298491696
56642.71686015579,28226.851298491696
54805.849563493815,28226.851298491696
57188.95517506633,28226.851298491696
52731.14566183805,28226.851298491696
58460.83453008746,28226.851298491696
50699.88710104677,28226.851298491696
61012.96446853438,28226.851298491696
51631.13329797964,28226.851298491696
59646.31567112474,28226.851298491696
56583.82423775755,28226.851298491696
56150.32421363164,28226.851298491696
54545.90613046556,28226.851298491696
55712.63820356126,28226.851298491696
52823.790442829835,28226.851298491696
55165.47086743219,28226.851298491696
50676.23528491149,28226.851298491696
55081.340576213086,28226.851298491696
54345.90243668278,28226.851298491696
62242.50583997545,28226.851298491696
57421.40384265693,28226.851298491696
59780.14374783241,28226.851298491696
61965.53180392131,28226.851298491696
55543.72709517756,28226.851298491696
57425.126333102104,28226.851298491696
60081.60085745816,28226.851298491696
62367.03988701561,28226.851298491696
60359.67595647689,28226.851298491696
53702.421765495965,28226.851298491696
49131.567066195,28226.851298491696
55014.87790311859,28226.851298491696
58543.27088818682,28226.851298491696
56047.001986976866,28226.851298491696
49865.94923129333,28226.851298491696
55008.22809614482,28226.851298491696
53083.821106084935,28226.851298491696
59719.41050446969,28226.851298491696
64630.19882542551,28226.851298491696
60256.96299324107,28226.851298491696
65716.5296271301,28226.851298491696
59224.038611465505,28226.851298491696
63620.72514896495,28226.851298491696
56257.049197043954,28226.851298491696
53209.2778718208,28226.851298491696
53115.40393499093,28226.851298491696
56336.00478069936,28226.851298491696
62906.78580047375,28226.851298491696
51981.702344849946,28226.851298491696
50853.07398706993,28226.851298491696
52587.082430990005,28226.851298491696
56538.55274513921,28226.851298491696
59738.19146252567,28055.520696151063
52343.78780040251,28055.520696151063
60686.80662810501,28055.520696151063
57577.941996803005,28055.520696151063
53903.04080876394,28055.520696151063
59245.22355636945,28055.520696151063
55027.463895759895,28055.520696151063
57175.8837947133,28055.520696151063
61060.74758936531,28055.520696151063
56243.50720597159,28055.520696151063
60654.79566809054,28055.520696151063
52965.44869727441,28055.520696151063
56283.91914345437,28055.520696151063
63586.25534826967,28055.520696151063
58644.41789393453,28055.520696151063
58101.40505766637,28055.520696151063
60506.32031396825,28055.520696151063
58848.01575300916,28055.520696151063
50624.69933602439,28055.520696151063
59378.90509662449,28055.520696151063
58609.89374991163,28055.520696151063
63086.87293783104,28055.520696151063
58163.30234733272,28055.520696151063
58590.063232488974,28055.520696151063
63184.469413573526,28055.520696151063
55674.210784579875,28055.520696151063
57451.004559580375,28055.520696151063
58844.12950153513,28055.520696151063
58484.57006957623,28055.520696151063
70039.02637878945,28055.520696151063
57214.47743701057,28055.520696151063
59234.43273759489,28055.520696151063
51732.060385925426,28055.520696151063
55238.343813594896,28055.520696151063
60582.915426934705,28055.520696151063
51468.16305375543,28055.520696151063
